{
    "mse": 0.7794500000119534,
    "r2": 0.22123251772618657
}